<?xml version="1.0"?>
<projectProfile type="default" version="1.12.2">
  <projectDirectory>
    <projectProfileFile filesystemName=".zfproject.xml"/>
    <applicationDirectory classNamePrefix="Application_">
      <configsDirectory>
        <applicationConfigFile type="ini"/>
      </configsDirectory>
      <controllersDirectory>
        <controllerFile controllerName="Index">
          <actionMethod actionName="index"/>
        </controllerFile>
        <controllerFile controllerName="Error"/>
      </controllersDirectory>
      <formsDirectory enabled="false"/>
      <layoutsDirectory enabled="false"/>
      <modelsDirectory/>
      <modulesDirectory enabled="false">
        <moduleDirectory moduleName="monmgr">
          <configsDirectory enabled="false"/>
          <controllersDirectory>
            <controllerFile controllerName="Client">
              <actionMethod actionName="index"/>
            </controllerFile>
            <controllerFile controllerName="Group">
              <actionMethod actionName="index"/>
            </controllerFile>
            <controllerFile controllerName="Vehicle">
              <actionMethod actionName="index"/>
            </controllerFile>
            <controllerFile controllerName="Index">
              <actionMethod actionName="index"/>
            </controllerFile>
          </controllersDirectory>
          <formsDirectory enabled="false"/>
          <layoutsDirectory enabled="false"/>
          <modelsDirectory/>
          <servicesDirectory enabled="false"/>
          <viewsDirectory>
            <viewScriptsDirectory>
              <viewControllerScriptsDirectory forControllerName="Client">
                <viewScriptFile forActionName="index"/>
              </viewControllerScriptsDirectory>
              <viewControllerScriptsDirectory forControllerName="Group">
                <viewScriptFile forActionName="index"/>
              </viewControllerScriptsDirectory>
              <viewControllerScriptsDirectory forControllerName="Vehicle">
                <viewScriptFile forActionName="index"/>
              </viewControllerScriptsDirectory>
              <viewControllerScriptsDirectory forControllerName="Index">
                <viewScriptFile forActionName="index"/>
              </viewControllerScriptsDirectory>
            </viewScriptsDirectory>
            <viewHelpersDirectory/>
            <viewFiltersDirectory/>
          </viewsDirectory>
        </moduleDirectory>
        <moduleDirectory moduleName="sysmgr">
          <configsDirectory enabled="false"/>
          <controllersDirectory>
            <controllerFile controllerName="Group">
              <actionMethod actionName="index"/>
            </controllerFile>
            <controllerFile controllerName="Perm">
              <actionMethod actionName="index"/>
            </controllerFile>
            <controllerFile controllerName="User">
              <actionMethod actionName="index"/>
            </controllerFile>
            <controllerFile controllerName="Log">
              <actionMethod actionName="index"/>
            </controllerFile>
            <controllerFile controllerName="Msg">
              <actionMethod actionName="index"/>
            </controllerFile>
            <controllerFile controllerName="Message">
              <actionMethod actionName="index"/>
            </controllerFile>
            <controllerFile controllerName="Index">
              <actionMethod actionName="index"/>
            </controllerFile>
          </controllersDirectory>
          <formsDirectory enabled="false"/>
          <layoutsDirectory enabled="false"/>
          <modelsDirectory/>
          <servicesDirectory enabled="false"/>
          <viewsDirectory>
            <viewScriptsDirectory>
              <viewControllerScriptsDirectory forControllerName="Group">
                <viewScriptFile forActionName="index"/>
              </viewControllerScriptsDirectory>
              <viewControllerScriptsDirectory forControllerName="Perm">
                <viewScriptFile forActionName="index"/>
              </viewControllerScriptsDirectory>
              <viewControllerScriptsDirectory forControllerName="User">
                <viewScriptFile forActionName="index"/>
              </viewControllerScriptsDirectory>
              <viewControllerScriptsDirectory forControllerName="Log">
                <viewScriptFile forActionName="index"/>
              </viewControllerScriptsDirectory>
              <viewControllerScriptsDirectory forControllerName="Msg">
                <viewScriptFile forActionName="index"/>
              </viewControllerScriptsDirectory>
              <viewControllerScriptsDirectory forControllerName="Message">
                <viewScriptFile forActionName="index"/>
              </viewControllerScriptsDirectory>
              <viewControllerScriptsDirectory forControllerName="Index">
                <viewScriptFile forActionName="index"/>
              </viewControllerScriptsDirectory>
            </viewScriptsDirectory>
            <viewHelpersDirectory/>
            <viewFiltersDirectory/>
          </viewsDirectory>
        </moduleDirectory>
        <moduleDirectory moduleName="monitor">
          <configsDirectory enabled="false"/>
          <controllersDirectory>
            <controllerFile controllerName="Vehicle">
              <actionMethod actionName="index"/>
            </controllerFile>
            <controllerFile controllerName="Cmd">
              <actionMethod actionName="index"/>
            </controllerFile>
          </controllersDirectory>
          <formsDirectory enabled="false"/>
          <layoutsDirectory enabled="false"/>
          <modelsDirectory/>
          <servicesDirectory enabled="false"/>
          <viewsDirectory>
            <viewScriptsDirectory>
              <viewControllerScriptsDirectory forControllerName="Vehicle">
                <viewScriptFile forActionName="index"/>
              </viewControllerScriptsDirectory>
              <viewControllerScriptsDirectory forControllerName="Cmd">
                <viewScriptFile forActionName="index"/>
              </viewControllerScriptsDirectory>
            </viewScriptsDirectory>
            <viewHelpersDirectory/>
            <viewFiltersDirectory/>
          </viewsDirectory>
        </moduleDirectory>
        <moduleDirectory moduleName="authen">
          <configsDirectory enabled="false"/>
          <controllersDirectory>
            <controllerFile controllerName="Login">
              <actionMethod actionName="index"/>
            </controllerFile>
          </controllersDirectory>
          <formsDirectory enabled="false"/>
          <layoutsDirectory enabled="false"/>
          <modelsDirectory/>
          <servicesDirectory enabled="false"/>
          <viewsDirectory>
            <viewScriptsDirectory>
              <viewControllerScriptsDirectory forControllerName="Login">
                <viewScriptFile forActionName="index"/>
              </viewControllerScriptsDirectory>
            </viewScriptsDirectory>
            <viewHelpersDirectory/>
            <viewFiltersDirectory/>
          </viewsDirectory>
        </moduleDirectory>
      </modulesDirectory>
      <servicesDirectory enabled="false"/>
      <viewsDirectory>
        <viewScriptsDirectory>
          <viewControllerScriptsDirectory forControllerName="Index">
            <viewScriptFile forActionName="index"/>
          </viewControllerScriptsDirectory>
          <viewControllerScriptsDirectory forControllerName="Error">
            <viewScriptFile forActionName="error"/>
          </viewControllerScriptsDirectory>
        </viewScriptsDirectory>
        <viewHelpersDirectory/>
        <viewFiltersDirectory enabled="false"/>
      </viewsDirectory>
      <bootstrapFile filesystemName="Bootstrap.php"/>
    </applicationDirectory>
    <dataDirectory enabled="false">
      <cacheDirectory enabled="false"/>
      <searchIndexesDirectory enabled="false"/>
      <localesDirectory enabled="false"/>
      <logsDirectory enabled="false"/>
      <sessionsDirectory enabled="false"/>
      <uploadsDirectory enabled="false"/>
    </dataDirectory>
    <docsDirectory>
      <file filesystemName="README.txt"/>
    </docsDirectory>
    <libraryDirectory>
      <zfStandardLibraryDirectory enabled="false"/>
    </libraryDirectory>
    <publicDirectory>
      <publicStylesheetsDirectory enabled="false"/>
      <publicScriptsDirectory enabled="false"/>
      <publicImagesDirectory enabled="false"/>
      <publicIndexFile filesystemName="index.php"/>
      <htaccessFile filesystemName=".htaccess"/>
    </publicDirectory>
    <projectProvidersDirectory enabled="false"/>
    <temporaryDirectory enabled="false"/>
    <testsDirectory>
      <testPHPUnitConfigFile filesystemName="phpunit.xml"/>
      <testPHPUnitBootstrapFile filesystemName="bootstrap.php"/>
      <testApplicationDirectory>
        <testApplicationControllerDirectory>
          <testApplicationControllerFile forControllerName="Index"/>
        </testApplicationControllerDirectory>
      </testApplicationDirectory>
      <testLibraryDirectory/>
    </testsDirectory>
  </projectDirectory>
</projectProfile>
